2418;2404;2474;2433;2457;2433;2415;2415;2421;2333;
2430;2336;2303;2430;2416;2457;2303;2415;2347;2404;
2300;2300;2300;2312;2300;2303;2300;2303;2300;2300;
2315;2315;2315;2315;2315;2326;2315;2326;2315;2315;
2303;2300;2303;2312;2300;2300;2303;2300;2300;2300;
2326;2315;2326;2315;2315;2315;2326;2315;2315;2315;
2315;2315;2315;2312;2315;2315;2315;2315;2326;2315;
2300;2300;2300;2300;2300;2303;2300;2303;2300;2300;
2315;2315;2315;2315;2315;2326;2315;2326;2315;2315;
2315;2326;2315;2326;2326;2315;2315;2315;2315;2326;
2300;2300;2300;2300;2300;2300;2300;2300;2303;2300;
2315;2315;2315;2312;2315;2315;2315;2315;2326;2315;
2300;2300;2300;2300;2300;2303;2300;2303;2300;2300;
2315;2315;2315;2315;2315;2326;2315;2326;2315;2315;
2315;2326;2315;2326;2326;2315;2315;2315;2315;2326;
2300;2300;2300;2300;2300;2300;2300;2300;2303;2300;
2315;2315;2315;2315;2315;2315;2315;2315;2326;2315;
2326;2315;2326;2315;2315;2315;2326;2315;2315;2315;
2300;2303;2300;2303;2303;2300;2300;2300;2300;2303;
2315;2326;2315;2326;2326;2315;2315;2315;2315;2326;
2300;2300;2300;2300;2300;2300;2300;2300;2303;2300;
2315;2315;2315;2315;2315;2315;2315;2315;2326;2315;
2326;2315;2326;2315;2315;2315;2326;2315;2315;2315;
2300;2303;2300;2303;2303;2300;2300;2300;2300;2303;
2315;2326;2315;2326;2326;2315;2315;2315;2315;2326;
2315;2315;2315;2315;2315;2326;2315;2326;2315;2315;
2303;2300;2303;2300;2300;2300;2303;2300;2300;2300;
2326;2315;2326;2315;2315;2315;2326;2315;2315;2315;
2300;2303;2300;2303;2303;2300;2300;2300;2300;2303;
2315;2326;2315;2326;2326;2315;2315;2315;2315;2326;
2315;2315;2315;2315;2315;2326;2342;2326;2315;2315;
2303;2300;2303;2300;2300;2300;2300;2300;2300;2300;
2326;2315;2326;2315;2315;2315;2315;2315;2315;2315;
2315;2315;2315;2315;2315;2315;2326;2315;2326;2315;
2300;2300;2300;2300;2300;2303;2300;2303;2300;2300;
2315;2315;2315;2315;2315;2326;2315;2326;2315;2315;
2303;2300;2303;2300;2300;2300;2300;2300;2300;2300;
2326;2315;2326;2315;2315;2315;2315;2315;2315;2315;
2315;2315;2315;2315;2315;2315;2326;2315;2326;2315;
2300;2300;2300;2300;2300;2303;2300;2303;2300;2300;
2315;2315;2315;2315;2315;2326;2315;2326;2315;2315;
2315;2326;2315;2326;2326;2315;2315;2315;2315;2326;
2300;2300;2300;2300;2300;2300;2303;2300;2303;2300;
2315;2315;2315;2315;2315;2315;2326;2315;2326;2315;
2300;2300;2300;2300;2300;2303;2300;2303;2300;2300;
2315;2315;2315;2315;2315;2326;2315;2326;2315;2315;
2315;2326;2315;2326;2326;2315;2315;2315;2315;2326;
2300;2300;2300;2300;2300;2300;2303;2300;2303;2300;
2315;2315;2315;2315;2315;2315;2326;2315;2326;2315;
2300;2300;2300;2300;2300;2315;2300;2303;2315;2300;
2300;2300;2300;2300;2300;2300;2303;2300;2300;2300;
2315;2315;2315;2315;2315;2315;2326;2315;2315;2315;
2300;2300;2300;2300;2300;2300;2300;2303;2303;2300;
2315;2315;2315;2315;2315;2315;2315;2326;2326;2315;
2315;2326;2315;2326;2326;2315;2315;2315;2315;2326;
2300;2300;2300;2300;2300;2300;2303;2300;2300;2300;
2315;2315;2315;2315;2315;2315;2326;2315;2315;2315;
2326;2315;2326;2315;2315;2326;2315;2315;2315;2315;
2300;2303;2300;2303;2303;2300;2300;2300;2300;2303;
2315;2326;2315;2326;2326;2315;2315;2315;2315;2326;
2300;2300;2300;2300;2300;2300;2303;2300;2300;2300;
2315;2315;2315;2315;2315;2315;2326;2315;2315;2315;
2300;2300;2300;2300;2300;2300;2300;2300;2300;2300;
2312;2312;2312;2312;2312;2312;2312;2315;2315;2312;
2315;2315;2315;2315;2315;2315;2315;2326;2326;2315;
2315;2326;2315;2326;2326;2315;2315;2315;2315;2326;
2300;2300;2300;2300;2300;2300;2303;2300;2300;2300;
2315;2315;2315;2315;2315;2315;2326;2315;2315;2315;
2300;2315;2300;2300;2300;2300;2300;2303;2303;2300;
2315;2315;2315;2315;2315;2315;2315;2326;2326;2315;
2315;2315;2315;2326;2326;2315;2315;2315;2315;2326;
2300;2315;2300;2300;2300;2300;2303;2300;2300;2300;
2315;2315;2315;2315;2315;2315;2326;2315;2315;2315;
2326;2315;2326;2315;2315;2326;2315;2315;2315;2315;
2300;2300;2300;2303;2303;2300;2300;2300;2300;2303;
2315;2315;2315;2326;2326;2315;2315;2315;2315;2326;
2300;2326;2300;2300;2300;2300;2303;2300;2300;2300;
2315;2315;2315;2303;2315;2315;2300;2300;2300;2303;
2326;2326;2326;2326;2315;2326;2315;2315;2315;2326;
2300;2300;2300;2300;2303;2300;2303;2300;2300;2300;
2315;2315;2315;2315;2326;2315;2326;2315;2315;2315;
2315;2315;2315;2315;2315;2315;2315;2315;2315;2315;
2303;2303;2303;2303;2300;2303;2300;2300;2300;2303;
2326;2326;2326;2326;2315;2326;2315;2315;2315;2326;
2300;2300;2300;2300;2303;2300;2303;2300;2300;2300;
2315;2315;2315;2315;2326;2315;2326;2315;2315;2315;
2315;2315;2315;2315;2315;2315;2315;2315;2315;2315;
2303;2303;2303;2303;2300;2303;2300;2300;2300;2303;
2326;2326;2326;2326;2315;2326;2315;2315;2315;2326;
2315;2300;2300;2300;2303;2300;2303;2300;2300;2300;
2300;2303;2303;2303;2300;2303;2300;2300;2300;2303;
2315;2326;2326;2326;2315;2326;2315;2315;2315;2326;
2303;2300;2300;2300;2303;2300;2303;2300;2300;2300;
2326;2315;2315;2315;2326;2315;2326;2315;2315;2315;
2315;2315;2315;2315;2315;2315;2315;2315;2315;2315;
2300;2303;2303;2303;2300;2303;2300;2300;2300;2303;
2300;2326;2326;2326;2315;2326;2315;2315;2315;2326;
2315;2315;2315;2315;2315;2315;2315;2326;2326;2315;
2300;2300;2300;2300;2300;2300;2300;2300;2300;2300;
2315;2315;2315;2315;2315;2315;2315;2315;2315;2315;
2303;2303;2303;2303;2300;2303;2300;2300;2300;2303;
2326;2326;2326;2326;2315;2326;2315;2315;2315;2326;
2315;2315;2315;2315;2315;2315;2315;2326;2326;2315;
2300;2300;2300;2300;2300;2300;2300;2300;2300;2300;
2315;2315;2315;2315;2315;2315;2315;2315;2315;2315;
2315;2315;2315;2315;2326;2315;2326;2315;2315;2315;
2300;2300;2300;2300;2300;2300;2300;2303;2303;2300;
2315;2315;2315;2315;2315;2315;2315;2326;2326;2315;
2300;2300;2300;2300;2300;2300;2300;2300;2300;2300;
2315;2315;2315;2315;2315;2315;2315;2315;2315;2315;
2315;2315;2315;2315;2326;2315;2326;2315;2315;2315;
2300;2300;2300;2300;2300;2300;2300;2303;2303;2300;
2315;2315;2315;2315;2315;2315;2315;2326;2326;2315;
2326;2326;2326;2326;2315;2326;2315;2315;2315;2326;
2300;2300;2300;2300;2303;2300;2303;2300;2300;2300;
2303;2315;2315;2315;2326;2315;2326;2315;2315;2315;
2300;2300;2300;2300;2300;2300;2300;2303;2303;2300;
2315;2315;2315;2315;2315;2315;2315;2326;2326;2315;
2315;2326;2326;2326;2315;2326;2315;2315;2315;2326;
2300;2300;2300;2300;2303;2300;2303;2300;2300;2300;
2315;2315;2315;2315;2326;2315;2326;2315;2315;2315;
2300;2315;2315;2315;2315;2315;2315;2315;2315;2315;
2300;2303;2303;2303;2300;2303;2300;2300;2300;2303;
2315;2326;2326;2326;2315;2326;2315;2315;2315;2326;
2300;2300;2300;2300;2303;2300;2303;2300;2300;2300;
2315;2315;2315;2315;2326;2315;2326;2315;2315;2315;
2315;2315;2315;2315;2315;2315;2315;2315;2315;2315;
2300;2303;2303;2303;2300;2303;2300;2300;2300;2303;
2315;2326;2326;2326;2315;2326;2315;2315;2315;2326;
2326;2315;2315;2315;2315;2315;2315;2326;2326;2315;
2300;2300;2300;2300;2300;2300;2300;2300;2300;2300;
2315;2315;2315;2315;2315;2315;2315;2315;2315;2315;
2300;2303;2303;2303;2300;2303;2300;2300;2300;2303;
2315;2326;2326;2326;2315;2326;2315;2315;2315;2326;
2326;2315;2315;2315;2315;2315;2315;2326;2326;2315;
2300;2300;2300;2300;2300;2300;2300;2300;2300;2300;
2315;2315;2315;2315;2315;2315;2315;2315;2315;2315;
2315;2315;2315;2315;2326;2315;2326;2315;2315;2315;
2303;2300;2300;2300;2300;2300;2300;2303;2303;2300;
2326;2315;2315;2315;2315;2315;2315;2326;2326;2315;
2300;2300;2300;2300;2300;2300;2300;2300;2300;2300;
2315;2315;2315;2315;2315;2315;2315;2315;2315;2315;
2315;2315;2315;2315;2326;2315;2326;2315;2315;2315;
2303;2300;2300;2300;2300;2300;2300;2303;2303;2300;
2326;2315;2315;2315;2315;2315;2315;2326;2326;2315;
2315;2326;2326;2326;2315;2326;2315;2315;2315;2326;
2300;2300;2300;2300;2303;2300;2303;2300;2300;2300;
2315;2315;2315;2315;2326;2315;2326;2315;2315;2315;
2303;2300;2300;2300;2300;2300;2300;2303;2303;2300;
2326;2315;2315;2315;2315;2315;2315;2326;2326;2315;
2315;2326;2326;2326;2315;2326;2315;2315;2315;2326;
2300;2300;2300;2300;2303;2300;2303;2300;2300;2300;
2315;2315;2315;2356;2326;2315;2300;2315;2315;2303;
2315;2315;2300;2303;2315;2300;2315;2315;2315;2300;
2300;2303;2300;2300;2300;2300;2303;2300;2300;2300;
2315;2326;2315;2315;2315;2315;2326;2315;2315;2315;
2300;2300;2300;2303;2303;2300;2300;2300;2300;2300;
2300;2315;2315;2326;2326;2315;2315;2315;2315;2315;
2315;2315;2326;2315;2315;2326;2315;2315;2315;2315;
2300;2303;2300;2300;2300;2300;2303;2300;2300;2300;
2315;2326;2315;2315;2315;2315;2326;2315;2315;2315;
2315;2315;2315;2315;2315;2315;2315;2326;2326;2326;
2300;2300;2303;2300;2300;2303;2300;2300;2300;2300;
2315;2315;2326;2315;2315;2326;2315;2315;2315;2315;
2300;2303;2300;2300;2300;2300;2303;2300;2300;2300;
2300;2303;2303;2300;2300;2303;2303;2303;2303;2303;
2315;2326;2315;2315;2315;2315;2326;2315;2315;2315;
2303;2300;2300;2303;2303;2300;2300;2300;2300;2300;
2326;2315;2315;2326;2326;2315;2315;2315;2315;2315;
2315;2315;2326;2315;2315;2326;2315;2315;2315;2315;
2300;2303;2300;2300;2300;2300;2303;2300;2300;2300;
2315;2326;2315;2315;2315;2315;2326;2315;2315;2315;
2303;2300;2300;2303;2303;2300;2300;2300;2300;2300;
2326;2315;2315;2326;2326;2315;2315;2315;2315;2315;
2315;2315;2326;2315;2315;2326;2315;2315;2315;2315;
2300;2303;2300;2300;2300;2300;2303;2300;2300;2300;
2315;2326;2315;2315;2315;2315;2326;2315;2315;2315;
2315;2315;2315;2315;2315;2315;2315;2326;2326;2326;
2300;2300;2303;2300;2300;2303;2300;2300;2300;2300;
2300;2315;2300;2315;2315;2300;2315;2315;2315;2315;
2303;2303;2300;2300;2300;2300;2303;2300;2300;2300;
2326;2326;2315;2315;2315;2315;2326;2315;2315;2315;
2315;2315;2326;2315;2315;2326;2315;2326;2326;2326;
2300;2300;2300;2300;2300;2300;2300;2300;2300;2300;
2315;2315;2315;2315;2315;2315;2315;2315;2315;2315;
2315;2315;2315;2326;2326;2315;2315;2315;2315;2315;
2300;2300;2303;2300;2300;2303;2300;2303;2303;2303;
2315;2315;2326;2315;2315;2326;2315;2326;2326;2326;
2300;2300;2300;2300;2300;2300;2300;2300;2300;2300;
2315;2315;2315;2315;2315;2315;2315;2315;2315;2315;
2315;2315;2315;2326;2326;2315;2315;2315;2315;2315;
2300;2300;2303;2300;2300;2303;2300;2303;2303;2303;
2315;2300;2300;2315;2315;2300;2315;2326;2300;2326;
2300;2315;2315;2315;2315;2315;2326;2315;2315;2315;
2300;2300;2303;2303;2303;2303;2300;2300;2303;2300;
2315;2315;2326;2326;2326;2326;2315;2315;2326;2315;
2300;2300;2300;2300;2300;2300;2300;2303;2300;2303;
2315;2315;2315;2315;2315;2315;2315;2326;2315;2326;
2303;2315;2315;2315;2315;2315;2326;2315;2315;2315;
2300;2300;2303;2303;2303;2303;2300;2300;2303;2300;
2315;2315;2326;2326;2326;2326;2315;2315;2326;2315;
2315;2326;2315;2315;2315;2315;2315;2315;2315;2315;
2300;2300;2300;2300;2300;2300;2303;2300;2300;2300;
2315;2315;2315;2315;2315;2315;2326;2315;2315;2315;
2300;2300;2303;2303;2303;2303;2300;2300;2303;2300;
2315;2315;2326;2326;2326;2326;2315;2315;2326;2315;
2315;2326;2315;2315;2315;2315;2315;2315;2315;2315;
2300;2300;2300;2300;2300;2300;2303;2300;2300;2300;
2315;2315;2315;2315;2315;2315;2326;2315;2315;2315;
2326;2315;2315;2315;2315;2315;2315;2326;2315;2326;
2300;2303;2300;2300;2300;2300;2300;2300;2300;2300;
2315;2326;2315;2315;2315;2315;2315;2315;2315;2315;
2300;2300;2300;2300;2300;2300;2303;2300;2300;2300;
2315;2315;2315;2315;2315;2315;2326;2315;2315;2315;
2326;2315;2315;2315;2315;2315;2315;2326;2315;2326;
2300;2303;2300;2300;2300;2300;2300;2300;2300;2300;
2315;2326;2315;2315;2315;2315;2315;2315;2315;2315;
2315;2315;2326;2326;2326;2326;2315;2315;2326;2315;
2303;2300;2300;2300;2300;2300;2300;2303;2300;2303;
2300;2315;2315;2315;2315;2315;2315;2326;2315;2326;
2300;2303;2300;2300;2300;2300;2300;2300;2300;2300;
2315;2326;2315;2315;2315;2315;2315;2315;2315;2315;
2326;2315;2326;2326;2326;2326;2315;2315;2326;2315;
2300;2300;2300;2300;2300;2300;2300;2303;2300;2303;
2315;2315;2315;2315;2315;2315;2315;2326;2315;2326;
2315;2315;2315;2315;2315;2315;2326;2315;2315;2315;
2303;2300;2303;2303;2303;2303;2300;2300;2303;2300;
2326;2315;2326;2326;2326;2326;2315;2315;2326;2315;
2300;2300;2300;2300;2300;2300;2300;2303;2300;2303;
2315;2315;2315;2315;2315;2315;2315;2326;2315;2326;
2300;2315;2315;2315;2315;2315;2326;2315;2315;2315;
2300;2300;2303;2303;2303;2303;2300;2300;2303;2300;
2315;2315;2326;2326;2326;2326;2315;2315;2326;2315;
2315;2326;2315;2315;2315;2315;2315;2315;2315;2315;
2303;2300;2300;2300;2300;2300;2303;2300;2300;2300;
2326;2315;2315;2315;2315;2315;2326;2315;2315;2315;
2300;2300;2303;2303;2303;2303;2300;2300;2303;2300;
2315;2315;2326;2326;2326;2326;2315;2315;2326;2315;
2315;2326;2315;2315;2315;2315;2315;2315;2315;2315;
2303;2300;2300;2300;2300;2300;2303;2300;2300;2300;
2326;2315;2315;2315;2315;2315;2326;2315;2315;2315;
2315;2315;2315;2315;2315;2315;2315;2326;2315;2326;
2300;2303;2300;2300;2300;2300;2300;2300;2300;2300;
2315;2326;2315;2315;2315;2315;2315;2315;2315;2315;
2303;2300;2300;2300;2300;2300;2303;2300;2300;2300;
2326;2315;2315;2315;2315;2315;2326;2315;2315;2315;
2315;2315;2315;2315;2315;2315;2315;2326;2315;2326;
2300;2303;2300;2300;2300;2300;2300;2300;2300;2300;
2315;2326;2315;2315;2315;2315;2315;2315;2315;2315;
2315;2315;2326;2326;2326;2326;2315;2315;2326;2315;
2300;2300;2300;2300;2300;2300;2300;2303;2300;2303;
2315;2315;2315;2315;2315;2315;2315;2326;2315;2326;
2300;2303;2300;2300;2300;2300;2300;2300;2300;2300;
2315;2326;2315;2315;2315;2315;2315;2315;2315;2315;
2356;2300;2300;2326;2326;2300;2303;2315;2300;2315;
2303;2303;2300;2300;2300;2300;2300;2303;2300;2303;
2326;2326;2315;2315;2315;2315;2315;2326;2315;2326;
2315;2315;2326;2315;2315;2326;2315;2315;2326;2315;
2300;2300;2300;2303;2303;2300;2300;2300;2300;2300;
2315;2315;2315;2326;2326;2315;2315;2315;2315;2315;
2303;2303;2300;2300;2300;2300;2300;2303;2300;2303;
2326;2326;2315;2315;2315;2315;2315;2326;2315;2326;
2315;2315;2326;2315;2315;2326;2315;2315;2326;2315;
2300;2300;2300;2303;2303;2300;2300;2300;2300;2300;
2315;2315;2315;2326;2326;2315;2315;2315;2315;2315;
2315;2315;2315;2315;2315;2315;2326;2315;2315;2315;
2300;2300;2303;2300;2300;2303;2300;2300;2303;2300;
2315;2315;2326;2315;2315;2326;2315;2315;2326;2315;
2300;2300;2300;2303;2303;2300;2300;2300;2300;2300;
2315;2315;2315;2326;2326;2315;2315;2315;2315;2315;
2315;2315;2315;2315;2315;2315;2326;2315;2315;2315;
2300;2300;2303;2300;2300;2303;2300;2300;2303;2300;
2315;2315;2326;2315;2315;2326;2315;2315;2326;2315;
2326;2326;2315;2315;2315;2315;2315;2326;2315;2326;
2300;2300;2300;2300;2300;2300;2303;2300;2300;2300;
2315;2315;2315;2315;2315;2315;2326;2315;2315;2315;
2300;2300;2303;2300;2300;2303;2300;2300;2303;2300;
2315;2315;2326;2315;2315;2326;2315;2315;2326;2315;
2326;2326;2315;2315;2315;2315;2315;2326;2315;2326;
2300;2300;2300;2300;2300;2300;2303;2300;2300;2300;
2303;2315;2315;2315;2315;2315;2326;2315;2315;2315;
2326;2300;2315;2300;2326;2315;2315;2300;2303;2300;
2300;2300;2300;2300;2300;2300;2300;2300;2300;2300;
2315;2315;2315;2315;2315;2315;2315;2315;2315;2315;
2300;2300;2300;2300;2300;2300;2303;2300;2303;2300;
2300;2315;2315;2315;2315;2315;2326;2315;2326;2315;
2315;2326;2315;2315;2326;2315;2315;2326;2315;2326;
2300;2300;2300;2300;2300;2300;2300;2300;2300;2300;
2315;2315;2315;2315;2315;2315;2315;2315;2315;2315;
2326;2315;2326;2326;2315;2326;2315;2315;2315;2315;
2300;2303;2300;2300;2303;2300;2300;2303;2300;2303;
2315;2326;2315;2315;2326;2315;2315;2326;2315;2326;
2300;2300;2300;2300;2300;2300;2300;2300;2300;2300;
2315;2315;2315;2315;2315;2315;2315;2315;2315;2315;
2300;2315;2300;2300;2300;2300;2303;2300;2303;2300;
2300;2303;2300;2300;2300;2300;2300;2300;2300;2300;
2315;2326;2315;2315;2315;2315;2315;2315;2315;2315;
2326;2315;2326;2326;2315;2326;2315;2315;2315;2315;
2300;2300;2300;2300;2303;2300;2300;2303;2300;2303;
2315;2315;2315;2315;2326;2315;2315;2326;2315;2326;
2300;2303;2300;2300;2300;2300;2300;2300;2300;2300;
2300;2326;2315;2315;2315;2315;2315;2315;2315;2315;
2315;2315;2326;2326;2315;2326;2315;2315;2315;2315;
2300;2300;2300;2300;2303;2300;2300;2303;2300;2303;
2315;2315;2315;2315;2326;2315;2315;2326;2315;2326;
2326;2315;2315;2315;2315;2315;2326;2315;2326;2315;
2300;2300;2303;2303;2300;2303;2300;2300;2300;2300;
2303;2315;2326;2326;2315;2326;2315;2315;2315;2315;
2300;2300;2300;2300;2303;2300;2300;2303;2300;2303;
2315;2315;2315;2315;2326;2315;2315;2326;2315;2326;
2315;2315;2315;2315;2315;2315;2326;2315;2326;2315;
2300;2300;2303;2303;2300;2303;2300;2300;2300;2300;
2315;2315;2326;2326;2315;2326;2315;2315;2315;2315;
2326;2326;2315;2315;2315;2315;2315;2315;2315;2315;
2300;2300;2300;2300;2300;2300;2303;2300;2303;2300;
2315;2315;2315;2315;2315;2315;2326;2315;2326;2315;
2300;2300;2303;2303;2300;2303;2300;2300;2300;2300;
2300;2315;2326;2326;2315;2326;2315;2315;2315;2315;
2315;2326;2315;2315;2315;2315;2315;2315;2315;2315;
2300;2300;2300;2300;2300;2300;2303;2300;2303;2300;
2315;2315;2315;2315;2315;2315;2326;2315;2326;2315;
2326;2315;2315;2315;2326;2315;2315;2326;2315;2326;
2300;2303;2300;2300;2300;2300;2300;2300;2300;2300;
2315;2326;2315;2315;2315;2315;2315;2315;2315;2315;
2300;2300;2300;2300;2300;2300;2303;2300;2303;2300;
2315;2315;2315;2315;2315;2315;2326;2315;2326;2315;
2326;2315;2315;2315;2326;2315;2315;2326;2315;2326;
2300;2303;2300;2300;2300;2300;2300;2300;2300;2300;
2315;2326;2315;2315;2315;2315;2315;2315;2315;2315;
2315;2315;2326;2326;2315;2326;2315;2315;2315;2315;
2303;2300;2300;2300;2303;2300;2300;2303;2300;2303;
2326;2315;2315;2315;2326;2315;2315;2326;2315;2326;
2300;2303;2300;2300;2300;2300;2300;2300;2300;2300;
2315;2326;2315;2315;2315;2315;2315;2315;2315;2315;
2315;2315;2326;2326;2315;2326;2315;2315;2315;2315;
2303;2300;2300;2300;2303;2300;2300;2303;2300;2303;
2326;2315;2315;2315;2326;2315;2315;2326;2315;2326;
2315;2315;2315;2315;2315;2315;2368;2315;2326;2315;
2300;2300;2303;2303;2300;2303;2300;2300;2300;2300;
2315;2315;2326;2326;2315;2326;2315;2315;2315;2315;
2303;2300;2300;2300;2303;2300;2300;2303;2300;2303;
2326;2315;2315;2315;2326;2315;2315;2326;2315;2326;
2315;2315;2315;2315;2315;2315;2315;2315;2326;2315;
2300;2300;2303;2303;2300;2303;2300;2300;2300;2300;
2315;2315;2326;2326;2315;2326;2315;2315;2315;2315;
2315;2326;2315;2315;2315;2315;2326;2315;2315;2315;
2300;2300;2300;2300;2300;2300;2300;2300;2303;2300;
2315;2315;2315;2315;2315;2315;2315;2315;2326;2315;
2300;2300;2303;2303;2300;2303;2300;2300;2300;2300;
2315;2315;2326;2326;2315;2326;2315;2315;2315;2315;
2315;2326;2315;2315;2315;2315;2326;2315;2315;2315;
2300;2300;2300;2300;2300;2300;2300;2300;2303;2300;
2300;2315;2315;2315;2315;2315;2315;2315;2326;2315;
2315;2315;2315;2315;2326;2315;2315;2326;2315;2326;
2300;2303;2300;2300;2300;2300;2303;2300;2300;2300;
2300;2326;2315;2315;2315;2315;2326;2315;2315;2315;
2303;2300;2300;2300;2300;2300;2300;2300;2303;2300;
2326;2303;2300;2300;2315;2300;2315;2300;2326;2300;
2300;2326;2315;2315;2326;2315;2300;2315;2300;2303;
2303;2300;2300;2300;2300;2300;2300;2300;2303;2300;
2326;2303;2300;2300;2303;2300;2315;2300;2300;2300;
2300;2326;2315;2315;2326;2315;2315;2315;2315;2315;
2303;2300;2300;2300;2300;2300;2303;2300;2303;2300;
2326;2315;2315;2315;2315;2315;2326;2315;2326;2315;
2300;2300;2303;2303;2300;2303;2300;2300;2300;2303;
2315;2315;2326;2326;2315;2326;2315;2315;2315;2326;
2315;2326;2315;2315;2326;2315;2315;2315;2315;2315;
2303;2300;2300;2300;2300;2300;2303;2300;2303;2300;
2300;2315;2300;2315;2303;2300;2300;2300;2300;2300;
2286;2286;2297;2300;2300;2297;2286;2300;2286;2297;
2300;2300;2300;2303;2300;2300;2300;2303;2300;2300;
2315;2315;2315;2326;2315;2315;2315;2326;2315;2315;
2326;2326;2315;2315;2315;2315;2326;2315;2326;2315;
2315;2315;2315;2326;2315;2315;2315;2326;2315;2315;
2300;2326;2315;2315;2315;2315;2326;2315;2326;2315;
2300;2300;2303;2300;2300;2303;2300;2300;2300;2303;
2300;2315;2326;2315;2315;2326;2315;2315;2315;2326;
2315;2315;2315;2315;2326;2315;2315;2315;2315;2315;
2300;2303;2300;2300;2300;2300;2303;2300;2303;2300;
2315;2326;2315;2315;2315;2315;2326;2315;2326;2315;
2300;2300;2303;2300;2300;2303;2300;2300;2300;2303;
2315;2315;2326;2315;2315;2326;2315;2315;2315;2326;
2315;2315;2315;2315;2326;2315;2315;2315;2315;2315;
2300;2303;2300;2300;2300;2300;2303;2300;2303;2300;
2315;2326;2315;2315;2303;2300;2326;2315;2326;2315;
2326;2315;2315;2326;2326;2315;2315;2326;2315;2315;
2300;2300;2300;2300;2300;2300;2300;2300;2300;2300;
2315;2315;2315;2315;2315;2315;2315;2315;2315;2315;
2300;2303;2300;2300;2300;2303;2303;2300;2303;2300;
2315;2326;2315;2315;2315;2326;2326;2315;2326;2315;
2326;2315;2315;2326;2326;2315;2315;2326;2315;2315;
2300;2300;2300;2300;2300;2300;2300;2300;2300;2300;
2315;2315;2315;2315;2315;2315;2315;2315;2315;2315;
2315;2315;2326;2315;2315;2315;2315;2315;2315;2326;
2303;2300;2300;2303;2303;2300;2300;2303;2300;2300;
2326;2315;2315;2326;2326;2315;2315;2326;2315;2315;
2300;2300;2300;2300;2300;2300;2300;2300;2300;2300;
2303;2300;2300;2303;2303;2300;2300;2303;2300;2300;
2326;2315;2315;2326;2326;2315;2315;2326;2315;2315;
2300;2300;2300;2300;2300;2300;2300;2300;2300;2300;
2315;2315;2315;2315;2315;2315;2315;2315;2315;2315;
2315;2315;2326;2315;2315;2315;2315;2315;2315;2326;
2303;2300;2300;2303;2303;2300;2300;2303;2300;2300;
2300;2315;2315;2326;2326;2315;2315;2326;2315;2315;
2300;2300;2300;2300;2300;2300;2300;2300;2300;2300;
2315;2315;2315;2315;2315;2315;2315;2315;2315;2315;
2326;2315;2326;2315;2315;2315;2315;2315;2315;2326;
2300;2300;2300;2303;2303;2300;2300;2303;2300;2300;
2315;2315;2315;2326;2326;2315;2315;2326;2315;2315;
2315;2326;2315;2315;2315;2326;2326;2315;2326;2315;
2303;2300;2303;2300;2300;2300;2300;2300;2300;2303;
2326;2315;2326;2315;2315;2315;2315;2315;2315;2326;
2300;2300;2300;2303;2303;2300;2300;2303;2300;2300;
2315;2315;2315;2326;2326;2315;2315;2326;2315;2315;
2315;2326;2315;2315;2315;2326;2326;2315;2326;2315;
2303;2300;2303;2300;2300;2300;2300;2300;2300;2303;
2300;2315;2326;2315;2315;2315;2315;2315;2315;2326;
2315;2315;2315;2315;2315;2315;2315;2315;2315;2315;
2303;2303;2300;2300;2300;2303;2303;2300;2303;2300;
2326;2326;2315;2315;2315;2326;2326;2315;2326;2315;
2300;2300;2303;2300;2300;2300;2300;2300;2300;2303;
2315;2315;2326;2315;2315;2315;2315;2315;2315;2326;
2315;2315;2315;2315;2315;2315;2315;2315;2315;2315;
2303;2303;2300;2300;2300;2303;2303;2300;2303;2300;
2326;2326;2315;2315;2315;2326;2326;2315;2326;2315;
2315;2300;2303;2300;2326;2315;2315;2326;2315;2315;
2300;2303;2300;2300;2300;2300;2300;2300;2300;2300;
2315;2326;2315;2315;2315;2315;2315;2315;2315;2315;
2303;2300;2303;2300;2300;2303;2303;2300;2303;2300;
2326;2315;2326;2315;2315;2326;2326;2315;2326;2315;
2315;2315;2315;2315;2326;2315;2315;2326;2315;2315;
2300;2303;2300;2300;2300;2300;2300;2300;2300;2300;
2315;2326;2315;2315;2315;2315;2315;2315;2315;2315;
2315;2315;2315;2326;2315;2315;2315;2315;2315;2326;
2300;2300;2300;2300;2303;2300;2300;2303;2300;2300;
2315;2315;2315;2315;2326;2315;2315;2326;2315;2315;
2300;2303;2300;2300;2300;2300;2300;2300;2300;2300;
2315;2326;2315;2315;2315;2315;2315;2315;2315;2315;
2315;2315;2315;2326;2315;2315;2315;2315;2315;2326;
2300;2300;2300;2300;2303;2300;2300;2303;2300;2300;
2315;2315;2315;2315;2326;2315;2315;2326;2315;2315;
2326;2315;2326;2315;2315;2326;2326;2315;2326;2315;
2300;2300;2300;2303;2300;2300;2300;2300;2300;2303;
2315;2315;2315;2326;2315;2315;2315;2315;2315;2326;
2300;2300;2300;2300;2303;2300;2300;2303;2300;2300;
2315;2315;2315;2315;2326;2315;2315;2326;2315;2315;
2300;2315;2326;2315;2315;2326;2326;2315;2326;2315;
2300;2300;2300;2303;2300;2300;2300;2300;2315;2303;
2315;2315;2315;2326;2315;2315;2315;2315;2326;2326;
2326;2326;2315;2315;2315;2315;2315;2315;2315;2315;
2300;2300;2303;2300;2300;2303;2303;2300;2300;2300;
2315;2315;2326;2315;2315;2326;2326;2315;2315;2315;
2300;2300;2300;2303;2300;2300;2300;2300;2303;2303;
2315;2315;2315;2326;2315;2315;2315;2315;2326;2326;
2326;2326;2315;2315;2315;2315;2315;2315;2315;2315;
2300;2300;2303;2300;2300;2303;2303;2300;2300;2300;
2303;2315;2326;2315;2315;2326;2326;2315;2315;2315;
2326;2315;2315;2315;2326;2315;2315;2326;2315;2315;
2300;2303;2300;2300;2300;2300;2300;2300;2300;2300;
2315;2300;2315;2315;2303;2315;2315;2315;2315;2315;
2300;2300;2303;2300;2300;2303;2303;2300;2300;2300;
2315;2315;2326;2315;2315;2326;2326;2315;2315;2315;
2326;2326;2315;2315;2315;2315;2300;2326;2315;2315;
2300;2300;2300;2300;2300;2300;2303;2300;2300;2300;
2315;2315;2315;2315;2315;2315;2326;2315;2315;2315;
2315;2315;2315;2326;2326;2315;2315;2315;2326;2326;
2303;2303;2300;2300;2300;2300;2300;2303;2300;2300;
2326;2326;2315;2315;2315;2315;2315;2326;2315;2315;
2300;2300;2300;2300;2300;2300;2303;2300;2300;2300;
2315;2315;2315;2315;2315;2315;2326;2315;2315;2315;
2300;2300;2303;2300;2300;2303;2300;2300;2300;2300;
2300;2300;2300;2300;2300;2300;2303;2300;2300;2300;
2303;2303;2315;2300;2300;2300;2326;2303;2300;2300;
2326;2326;2315;2315;2315;2315;2315;2326;2315;2315;
2300;2300;2300;2300;2300;2300;2300;2300;2300;2300;
2303;2315;2315;2315;2315;2315;2315;2315;2315;2315;
2300;2300;2300;2300;2300;2303;2303;2300;2300;2300;
2315;2315;2315;2315;2315;2326;2326;2315;2315;2315;
2303;2326;2315;2315;2315;2315;2315;2326;2315;2315;
2300;2300;2300;2300;2300;2300;2300;2300;2300;2300;
2315;2315;2315;2315;2315;2315;2315;2315;2315;2315;
2315;2315;2326;2326;2326;2303;2315;2315;2300;2326;
2300;2303;2300;2300;2300;2300;2300;2303;2300;2300;
2315;2326;2315;2315;2315;2315;2315;2326;2315;2315;
2300;2300;2300;2300;2300;2303;2300;2300;2300;2300;
2315;2315;2315;2315;2315;2326;2315;2315;2315;2315;
2315;2300;2326;2300;2326;2315;2315;2315;2315;2300;
2300;2300;2300;2300;2300;2300;2300;2303;2300;2300;
2315;2315;2315;2315;2315;2315;2315;2326;2315;2315;
2326;2315;2315;2326;2315;2315;2326;2315;2326;2326;
2300;2303;2303;2300;2303;2300;2300;2300;2300;2300;
2315;2326;2326;2315;2326;2315;2315;2315;2315;2315;
2300;2300;2300;2300;2300;2300;2300;2303;2300;2300;
2315;2315;2315;2315;2315;2315;2315;2326;2315;2315;
2326;2315;2315;2326;2315;2315;2326;2315;2326;2326;
2300;2303;2303;2300;2303;2300;2300;2300;2300;2300;
2315;2326;2326;2315;2326;2315;2315;2315;2315;2315;
2315;2315;2315;2315;2315;2326;2315;2315;2315;2315;
2303;2300;2300;2303;2300;2300;2303;2300;2303;2303;
2300;2300;2300;2300;2300;2303;2300;2300;2300;2300;
2300;2300;2300;2300;2300;2300;2300;2303;2300;2300;
2300;2303;2303;2300;2303;2300;2300;2300;2300;2300;
2315;2326;2326;2315;2326;2315;2315;2315;2315;2315;
2300;2300;2300;2300;2300;2300;2300;2303;2300;2300;
2315;2315;2315;2315;2315;2315;2315;2326;2315;2315;
2326;2315;2315;2326;2315;2315;2326;2315;2326;2326;
2300;2303;2303;2300;2303;2300;2300;2300;2300;2300;
2315;2326;2326;2315;2326;2315;2315;2315;2315;2315;
2300;2300;2300;2300;2300;2300;2300;2303;2300;2300;
2315;2315;2315;2315;2315;2315;2315;2326;2315;2315;
2326;2315;2315;2326;2315;2315;2326;2315;2326;2326;
2300;2303;2303;2300;2303;2300;2300;2300;2300;2300;
2315;2326;2326;2315;2326;2315;2315;2315;2315;2315;
2315;2315;2315;2315;2315;2326;2315;2315;2315;2315;
2303;2300;2300;2303;2300;2300;2303;2300;2303;2303;
2326;2315;2315;2326;2315;2315;2326;2315;2326;2326;
2300;2303;2303;2300;2303;2300;2300;2300;2300;2300;
2315;2326;2326;2315;2326;2315;2315;2315;2315;2315;
2315;2315;2315;2315;2315;2326;2315;2315;2315;2315;
2303;2300;2300;2303;2300;2300;2303;2300;2303;2303;
2300;2315;2315;2326;2315;2315;2326;2315;2326;2326;
2315;2315;2315;2315;2315;2315;2315;2326;2315;2315;
2303;2300;2300;2300;2300;2303;2300;2300;2300;2300;
2326;2315;2315;2315;2315;2326;2315;2315;2315;2315;
2300;2300;2300;2303;2300;2300;2303;2300;2303;2303;
2303;2300;2300;2300;2315;2315;2326;2315;2326;2326;
2300;2300;2300;2300;2315;2315;2315;2326;2315;2315;
2300;2303;2303;2300;2300;2303;2300;2300;2300;2300;
2300;2300;2300;2303;2300;2300;2315;2303;2300;2315;
2315;2315;2315;2326;2315;2315;2315;2326;2315;2315;
2300;2303;2303;2300;2300;2303;2300;2300;2300;2300;
2300;2300;2300;2303;2300;2300;2300;2303;2300;2300;
2303;2300;2300;2300;2303;2300;2303;2300;2300;2303;
2326;2315;2315;2315;2326;2315;2326;2315;2315;2326;
2315;2326;2326;2315;2315;2326;2315;2315;2315;2315;
2300;2300;2300;2300;2300;2300;2300;2300;2303;2300;
2315;2315;2315;2315;2315;2315;2315;2315;2326;2315;
2315;2315;2315;2326;2315;2315;2315;2326;2315;2315;
2300;2303;2303;2300;2300;2303;2300;2300;2300;2300;
2315;2326;2326;2315;2315;2326;2315;2315;2315;2315;
2300;2300;2300;2300;2300;2300;2300;2300;2303;2300;
2315;2315;2315;2315;2315;2315;2315;2315;2326;2315;
2315;2315;2315;2326;2315;2315;2315;2326;2315;2315;
2300;2303;2303;2300;2300;2303;2300;2300;2300;2300;
2315;2326;2326;2315;2315;2326;2315;2315;2315;2315;
2326;2315;2315;2300;2326;2315;2326;2315;2315;2326;
2300;2300;2300;2300;2300;2300;2300;2303;2300;2300;
2315;2315;2315;2315;2315;2315;2315;2326;2315;2315;
2300;2303;2303;2300;2300;2303;2300;2300;2300;2300;
2315;2326;2326;2315;2315;2326;2315;2315;2315;2315;
2326;2315;2315;2326;2326;2315;2326;2315;2315;2326;
2300;2300;2300;2300;2300;2300;2300;2303;2300;2300;
2315;2315;2315;2315;2315;2315;2315;2326;2315;2315;
2300;2315;2303;2315;2300;2315;2300;2315;2326;2300;
2300;2300;2300;2303;2300;2300;2300;2300;2300;2300;
2303;2315;2315;2326;2315;2315;2315;2315;2315;2315;
2300;2300;2303;2300;2300;2300;2300;2303;2300;2300;
2315;2315;2326;2315;2315;2315;2315;2326;2315;2315;
2315;2315;2315;2315;2326;2315;2326;2315;2326;2326;
2300;2300;2300;2303;2300;2300;2300;2300;2300;2300;
2300;2315;2315;2326;2315;2315;2315;2315;2315;2315;
2303;2326;2303;2315;2300;2300;2300;2303;2300;2300;
2300;2300;2300;2300;2300;2300;2300;2300;2300;2300;
2315;2315;2315;2300;2315;2315;2315;2300;2315;2315;
2303;2300;2303;2300;2300;2300;2300;2300;2300;2300;
2300;2300;2300;2303;2300;2300;2315;2303;2300;2300;
2315;2315;2315;2326;2315;2315;2326;2326;2315;2315;
2303;2300;2303;2300;2300;2300;2300;2300;2300;2300;
2326;2315;2326;2315;2315;2315;2315;2315;2315;2315;
2315;2326;2315;2315;2326;2315;2315;2315;2326;2326;
2300;2300;2300;2303;2300;2300;2303;2303;2300;2300;
2315;2315;2315;2326;2315;2315;2326;2326;2315;2315;
2303;2300;2303;2300;2300;2300;2300;2300;2300;2300;
2300;2300;2300;2303;2300;2300;2303;2303;2300;2315;
2300;2300;2300;2300;2300;2300;2300;2300;2300;2300;
2312;2315;2312;2312;2315;2312;2312;2312;2315;2312;
2315;2326;2315;2315;2326;2315;2315;2315;2326;2315;
2326;2315;2326;2315;2315;2315;2315;2315;2315;2315;
2300;2300;2300;2300;2300;2303;2300;2300;2300;2300;
2315;2315;2315;2315;2315;2326;2315;2315;2315;2315;
2300;2315;2300;2300;2303;2300;2300;2300;2303;2300;
2315;2315;2315;2315;2326;2315;2315;2315;2326;2315;
2326;2315;2326;2315;2315;2315;2315;2315;2315;2315;
2300;2315;2300;2300;2300;2303;2300;2300;2300;2300;
2315;2315;2315;2315;2315;2326;2315;2315;2315;2315;
2315;2315;2315;2326;2315;2315;2326;2326;2315;2326;
2303;2303;2303;2300;2300;2300;2300;2300;2300;2300;
2326;2326;2326;2315;2315;2315;2315;2315;2315;2315;
2300;2315;2300;2300;2300;2303;2300;2300;2300;2300;
2315;2326;2303;2315;2300;2300;2315;2315;2315;2315;
2315;2315;2326;2326;2315;2315;2326;2326;2315;2326;
2303;2300;2300;2300;2300;2303;2300;2300;2300;2300;
2326;2315;2315;2315;2315;2326;2315;2315;2315;2315;
2315;2315;2315;2315;2315;2315;2315;2315;2326;2315;
2300;2300;2303;2303;2300;2300;2303;2303;2300;2303;
2315;2315;2326;2326;2315;2315;2326;2326;2315;2326;
2303;2300;2300;2300;2300;2303;2300;2300;2300;2300;
2326;2315;2315;2315;2315;2326;2315;2315;2315;2315;
2315;2315;2315;2315;2315;2315;2315;2315;2326;2315;
2300;2300;2303;2303;2300;2300;2303;2303;2300;2303;
2315;2315;2326;2326;2315;2315;2326;2326;2315;2326;
2315;2300;2315;2315;2326;2315;2315;2315;2315;2315;
2300;2300;2300;2300;2300;2300;2300;2300;2303;2300;
2353;2300;2300;2300;2303;2300;2300;2300;2300;2300;
2300;2303;2300;2300;2300;2303;2300;2300;2300;2300;
2315;2326;2315;2315;2315;2326;2315;2315;2315;2315;
2300;2315;2315;2315;2315;2315;2315;2315;2326;2315;
2300;2300;2303;2303;2300;2300;2303;2303;2300;2303;
2315;2315;2326;2326;2315;2315;2326;2326;2315;2326;
2315;2315;2315;2315;2326;2315;2315;2315;2315;2315;
2303;2300;2300;2300;2300;2300;2300;2300;2303;2300;
2326;2315;2315;2315;2315;2315;2315;2315;2326;2315;
2300;2300;2303;2303;2300;2300;2303;2303;2300;2303;
2315;2315;2326;2326;2315;2315;2326;2326;2315;2326;
2315;2315;2315;2300;2326;2315;2300;2300;2315;2315;
2303;2300;2300;2303;2300;2300;2303;2303;2303;2300;
2300;2300;2300;2300;2303;2300;2300;2300;2300;2300;
2315;2315;2315;2315;2326;2315;2315;2315;2315;2315;
2303;2300;2300;2303;2300;2300;2303;2303;2303;2300;
2326;2315;2315;2326;2315;2315;2326;2326;2326;2315;
2300;2300;2303;2300;2300;2300;2300;2300;2300;2303;
2315;2315;2326;2315;2315;2315;2315;2303;2303;2300;
2315;2315;2315;2315;2326;2315;2315;2326;2326;2315;
2303;2300;2300;2303;2300;2300;2303;2300;2300;2303;
2326;2315;2315;2326;2315;2315;2326;2315;2315;2326;
2315;2326;2315;2315;2315;2326;2315;2315;2315;2315;
2300;2300;2300;2300;2303;2300;2300;2303;2303;2300;
2315;2303;2300;2300;2300;2303;2300;2300;2300;2300;
2303;2300;2303;2300;2300;2300;2300;2300;2300;2300;
2326;2315;2326;2315;2315;2315;2315;2315;2315;2315;
2300;2303;2300;2300;2300;2303;2300;2300;2300;2300;
2303;2300;2303;2300;2300;2300;2300;2300;2300;2300;
2300;2300;2300;2303;2300;2300;2303;2300;2300;2303;
2315;2315;2315;2326;2315;2315;2326;2315;2315;2326;
2303;2300;2303;2300;2300;2300;2300;2300;2300;2300;
2326;2315;2326;2315;2315;2315;2315;2315;2315;2315;
2300;2303;2300;2300;2300;2303;2300;2300;2300;2300;
2315;2326;2315;2315;2315;2326;2315;2315;2315;2315;
2315;2315;2315;2326;2315;2315;2326;2315;2315;2326;
2303;2300;2303;2300;2300;2300;2300;2300;2300;2300;
2326;2315;2326;2315;2315;2315;2315;2315;2315;2315;
2315;2315;2315;2315;2326;2315;2315;2326;2326;2315;
2300;2300;2300;2303;2300;2300;2303;2300;2300;2303;
2315;2315;2315;2326;2315;2315;2326;2315;2315;2326;
2303;2300;2303;2300;2300;2300;2300;2300;2300;2300;
2326;2315;2326;2315;2315;2315;2315;2315;2315;2315;
2315;2315;2315;2315;2326;2315;2315;2326;2326;2315;
2300;2300;2300;2303;2300;2300;2303;2300;2300;2303;
2300;2300;2300;2300;2303;2300;2300;2303;2303;2300;
2315;2315;2315;2315;2326;2315;2315;2326;2326;2315;
2300;2300;2300;2303;2300;2300;2303;2300;2300;2303;
2300;2300;2300;2300;2303;2300;2300;2303;2303;2300;
2300;2303;2300;2300;2300;2303;2300;2300;2300;2300;
2315;2326;2315;2315;2315;2326;2315;2315;2315;2315;
2315;2315;2315;2326;2315;2315;2326;2315;2315;2326;
2303;2300;2303;2300;2300;2300;2300;2300;2300;2300;
2300;2300;2300;2303;2300;2300;2303;2300;2300;2303;
2315;2315;2315;2326;2315;2315;2326;2315;2315;2326;
2303;2300;2303;2300;2300;2300;2300;2300;2300;2300;
2326;2315;2326;2315;2315;2315;2315;2315;2315;2315;
2300;2303;2300;2300;2300;2303;2300;2300;2300;2300;
2315;2326;2315;2315;2315;2326;2315;2315;2315;2315;
2315;2315;2315;2326;2315;2315;2326;2315;2315;2326;
2303;2300;2303;2300;2300;2300;2300;2300;2300;2300;
2326;2315;2326;2315;2315;2315;2303;2315;2315;2303;
2315;2315;2315;2315;2326;2315;2326;2326;2326;2326;
2300;2300;2300;2303;2300;2300;2300;2300;2300;2300;
2315;2315;2315;2326;2315;2315;2303;2315;2315;2315;
2303;2300;2303;2300;2300;2300;2300;2300;2300;2300;
2326;2315;2326;2315;2315;2315;2315;2315;2315;2315;
2315;2315;2315;2315;2326;2315;2315;2326;2326;2326;
2300;2300;2300;2303;2300;2300;2300;2300;2300;2300;
2315;2315;2315;2326;2315;2315;2315;2315;2315;2315;
2315;2326;2315;2315;2315;2326;2326;2315;2315;2315;
2300;2300;2300;2300;2303;2300;2300;2303;2303;2303;
2300;2315;2300;2300;2300;2303;2303;2300;2300;2300;
2303;2300;2303;2300;2300;2300;2300;2300;2300;2300;
2303;2303;2303;2303;2303;2300;2300;2303;2303;2303;
2326;2315;2326;2315;2315;2315;2315;2315;2315;2315;
2300;2300;2300;2300;2300;2303;2303;2300;2300;2300;
2315;2315;2315;2315;2315;2326;2326;2315;2315;2315;
2300;2303;2300;2300;2303;2300;2300;2303;2303;2303;
2300;2300;2300;2300;2300;2303;2303;2300;2300;2300;
2315;2315;2315;2315;2315;2326;2326;2315;2315;2315;
2300;2303;2300;2300;2303;2300;2300;2303;2303;2303;
2315;2326;2315;2315;2326;2315;2315;2326;2326;2326;
2300;2300;2300;2303;2300;2315;2300;2300;2315;2300;
2300;2303;2300;2300;2303;2303;2300;2303;2300;2303;
2315;2326;2315;2315;2326;2326;2315;2326;2315;2326;
2356;2315;2300;2303;2300;2315;2315;2315;2315;2315;
2300;2300;2300;2300;2303;2300;2303;2300;2300;2300;
2315;2300;2315;2300;2326;2315;2300;2300;2300;2300;
2303;2300;2300;2300;2300;2303;2300;2300;2303;2300;
2326;2315;2315;2315;2315;2326;2315;2315;2326;2315;
2353;2300;2303;2300;2300;2300;2300;2300;2300;2300;
2300;2300;2300;2300;2300;2303;2300;2300;2303;2300;
2315;2315;2315;2315;2315;2326;2315;2315;2326;2315;
2315;2315;2315;2315;2315;2315;2326;2315;2315;2315;
2303;2303;2300;2303;2303;2300;2300;2303;2300;2303;
2326;2326;2315;2326;2326;2300;2315;2326;2315;2326;
2300;2300;2300;2300;2300;2300;2300;2300;2303;2300;
2315;2315;2315;2315;2315;2303;2315;2315;2326;2315;
2315;2315;2315;2315;2315;2326;2326;2315;2315;2315;
2303;2303;2300;2303;2303;2300;2300;2303;2300;2303;
2300;2326;2300;2300;2300;2303;2303;2300;2300;2300;
2300;2300;2303;2300;2300;2300;2300;2300;2300;2300;
2300;2303;2300;2300;2300;2300;2300;2300;2303;2300;
2315;2326;2315;2315;2315;2315;2315;2315;2326;2315;
2300;2300;2303;2300;2300;2300;2300;2300;2300;2300;
2315;2315;2326;2315;2315;2315;2315;2315;2315;2315;
2326;2315;2315;2326;2326;2315;2315;2326;2315;2326;
2300;2303;2300;2300;2300;2300;2300;2300;2303;2300;
2315;2326;2315;2303;2315;2315;2315;2315;2326;2315;
2315;2315;2315;2326;2300;2326;2326;2315;2315;2315;
2303;2300;2300;2300;2300;2300;2300;2303;2300;2303;
2326;2315;2315;2315;2303;2315;2303;2300;2315;2326;
2300;2303;2300;2300;2300;2300;2300;2300;2303;2300;
2303;2300;2300;2300;2300;2300;2315;2315;2300;2303;
2300;2300;2300;2303;2300;2303;2303;2300;2300;2300;
2300;2300;2303;2300;2303;2300;2300;2300;2300;2300;
2315;2315;2326;2315;2326;2315;2315;2315;2315;2315;
2326;2315;2315;2315;2315;2315;2315;2326;2315;2326;
2300;2303;2300;2300;2300;2300;2300;2300;2303;2300;
2303;2300;2300;2300;2300;2300;2300;2303;2326;2315;
2300;2300;2300;2303;2300;2303;2303;2300;2300;2300;
2315;2315;2315;2326;2315;2300;2326;2315;2315;2315;
2303;2300;2300;2300;2300;2300;2300;2303;2300;2300;
2300;2300;2300;2303;2300;2300;2303;2300;2300;2300;
2315;2315;2315;2326;2315;2315;2326;2315;2315;2315;
2315;2326;2315;2315;2300;2300;2300;2303;2300;2300;
2300;2300;2303;2300;2300;2300;2303;2300;2300;2300;
2315;2315;2326;2315;2303;2303;2300;2300;2303;2300;
2300;2300;2300;2303;2300;2300;2300;2300;2300;2303;
2315;2315;2315;2326;2300;2300;2300;2303;2300;2300;
2315;2326;2315;2315;2315;2315;2315;2326;2315;2315;
2300;2300;2303;2300;2300;2300;2300;2300;2300;2303;
2315;2315;2326;2315;2315;2315;2315;2315;2315;2326;
2300;2300;2300;2303;2303;2303;2300;2300;2303;2300;
2300;2300;2303;2300;2300;2300;2300;2300;2300;2303;
2315;2315;2326;2315;2315;2315;2315;2315;2315;2326;
2300;2300;2300;2303;2303;2303;2300;2300;2303;2300;
2315;2315;2315;2326;2326;2326;2315;2315;2326;2315;
2315;2326;2315;2315;2315;2315;2315;2326;2315;2315;
2300;2300;2303;2300;2300;2300;2300;2300;2300;2303;
2300;2303;2300;2300;2300;2300;2300;2303;2300;2300;
2315;2326;2315;2315;2315;2315;2303;2326;2315;2315;
2300;2300;2303;2300;2300;2300;2300;2300;2300;2303;
2315;2315;2326;2315;2315;2315;2315;2315;2315;2356;
2300;2300;2300;2303;2303;2303;2303;2300;2303;2300;
2315;2315;2315;2326;2326;2326;2326;2315;2326;2315;
2303;2300;2300;2300;2300;2300;2300;2300;2300;2303;
2300;2300;2300;2303;2303;2303;2303;2300;2303;2300;
2300;2300;2303;2300;2300;2300;2300;2300;2300;2300;
2300;2303;2300;2300;2300;2300;2300;2303;2300;2300;
2303;2300;2300;2300;2300;2300;2300;2300;2300;2303;
2326;2300;2300;2303;2315;2315;2315;2315;2315;2326;
2300;2300;2303;2300;2300;2300;2300;2303;2300;2300;
2315;2315;2326;2315;2315;2315;2315;2326;2315;2315;
2315;2315;2315;2315;2326;2326;2326;2315;2326;2315;
2303;2303;2300;2300;2300;2300;2300;2300;2300;2303;
2326;2326;2315;2315;2315;2315;2315;2315;2315;2326;
2315;2300;2303;2300;2300;2300;2300;2303;2300;2300;
2300;2303;2300;2300;2300;2300;2300;2300;2300;2303;
2315;2326;2315;2300;2315;2315;2315;2315;2315;2326;
2303;2300;2303;2303;2300;2300;2300;2303;2300;2300;
2326;2315;2326;2326;2315;2315;2315;2326;2300;2315;
2315;2300;2315;2315;2326;2326;2326;2315;2315;2315;
2300;2300;2300;2300;2300;2300;2300;2300;2300;2303;
2315;2315;2315;2315;2315;2315;2315;2315;2315;2326;
2315;2315;2315;2315;2315;2315;2315;2315;2326;2315;
2300;2303;2300;2300;2303;2303;2303;2300;2300;2300;
2315;2326;2315;2315;2326;2326;2326;2315;2315;2315;
2300;2300;2300;2300;2300;2300;2300;2300;2300;2303;
2315;2315;2315;2315;2315;2315;2315;2315;2315;2326;
2315;2315;2315;2315;2315;2315;2315;2315;2326;2315;
2300;2303;2300;2300;2303;2303;2303;2300;2300;2300;
2315;2300;2315;2315;2326;2326;2300;2315;2315;2315;
2300;2300;2326;2300;2300;2300;2315;2326;2300;2303;
2300;2300;2300;2300;2303;2303;2303;2300;2300;2300;
2315;2315;2303;2315;2326;2326;2300;2315;2315;2315;
2300;2300;2300;2300;2300;2300;2300;2300;2300;2303;
2315;2315;2315;2315;2315;2315;2315;2315;2315;2326;
2315;2326;2315;2315;2315;2315;2326;2326;2326;2315;
2300;2300;2300;2300;2303;2303;2315;2300;2300;2300;
2353;2315;2315;2315;2326;2326;2326;2315;2315;2315;
2315;2315;2326;2326;2315;2315;2315;2315;2315;2315;
2300;2303;2300;2300;2300;2300;2300;2303;2303;2300;
2342;2326;2315;2315;2315;2315;2315;2326;2326;2315;
2300;2300;2300;2300;2303;2303;2303;2300;2300;2300;
2315;2315;2315;2315;2326;2326;2326;2315;2315;2315;
2326;2315;2326;2326;2315;2315;2315;2315;2315;2315;
2300;2303;2300;2300;2300;2300;2300;2303;2303;2300;
2303;2300;2303;2303;2300;2300;2300;2300;2300;2300;
2326;2315;2300;2300;2300;2300;2315;2315;2315;2315;
2300;2303;2300;2300;2303;2303;2300;2303;2303;2300;
2303;2300;2300;2300;2300;2300;2300;2300;2300;2300;
2300;2300;2303;2303;2300;2300;2300;2300;2300;2303;
2300;2300;2300;2300;2300;2300;2303;2300;2300;2300;
2315;2315;2315;2315;2315;2315;2326;2315;2315;2315;
2300;2300;2303;2303;2300;2300;2300;2300;2300;2303;
2315;2315;2326;2326;2315;2315;2315;2315;2315;2326;
2303;2300;2300;2300;2300;2326;2300;2300;2300;2300;
2300;2300;2303;2303;2300;2300;2300;2300;2300;2303;
2315;2300;2300;2300;2300;2315;2303;2300;2300;2300;
2303;2303;2300;2300;2303;2300;2300;2303;2303;2300;
2326;2326;2315;2315;2326;2315;2315;2326;2326;2315;
2300;2300;2300;2300;2300;2300;2303;2300;2300;2300;
2303;2303;2300;2300;2303;2300;2300;2303;2303;2300;
2326;2300;2300;2300;2300;2300;2300;2300;2300;2300;
2315;2315;2315;2303;2315;2315;2315;2315;2315;2315;
2300;2303;2300;2300;2303;2300;2300;2303;2303;2300;
2315;2326;2315;2315;2326;2315;2315;2326;2326;2315;
2303;2300;2300;2303;2300;2300;2303;2300;2300;2300;
2356;2303;2300;2300;2303;2300;2300;2303;2303;2300;
2300;2300;2300;2300;2300;2300;2300;2300;2300;2300;
2300;2300;2303;2300;2300;2303;2300;2300;2300;2303;
2315;2315;2300;2303;2315;2300;2315;2315;2315;2326;
2300;2300;2300;2300;2326;2300;2315;2326;2300;2300;
2300;2300;2300;2300;2300;2300;2303;2300;2300;2303;
2315;2315;2315;2315;2315;2315;2326;2315;2315;2326;
2300;2300;2300;2300;2300;2300;2300;2300;2300;2300;
2315;2315;2315;2315;2315;2315;2315;2315;2315;2315;
2315;2315;2326;2315;2326;2326;2315;2326;2315;2315;
2300;2300;2300;2300;2300;2300;2303;2300;2300;2303;
2315;2315;2315;2315;2315;2315;2326;2315;2315;2326;
2326;2326;2315;2326;2315;2315;2315;2315;2326;2315;
2300;2300;2303;2300;2303;2303;2300;2303;2300;2300;
2315;2315;2326;2315;2326;2326;2315;2326;2315;2315;
2300;2300;2300;2300;2300;2300;2303;2300;2300;2303;
2315;2315;2315;2315;2315;2315;2326;2315;2315;2326;
2326;2326;2315;2326;2315;2315;2315;2315;2326;2315;
2300;2300;2303;2300;2303;2303;2300;2303;2300;2300;
2315;2315;2326;2315;2326;2326;2315;2326;2315;2315;
2315;2315;2315;2315;2315;2315;2315;2315;2315;2315;
2303;2303;2300;2303;2300;2300;2300;2300;2303;2300;
2326;2326;2315;2326;2315;2315;2315;2315;2326;2315;
2300;2300;2303;2300;2303;2303;2300;2303;2300;2300;
2315;2315;2326;2315;2326;2326;2315;2326;2315;2315;
2315;2315;2315;2315;2315;2315;2315;2315;2315;2315;
2303;2303;2300;2303;2300;2300;2300;2300;2303;2300;
2326;2326;2315;2326;2315;2315;2315;2315;2326;2315;
2315;2315;2315;2315;2315;2315;2326;2315;2315;2326;
2300;2300;2300;2300;2300;2300;2300;2300;2300;2300;
2315;2315;2315;2315;2315;2315;2315;2315;2315;2315;
2303;2303;2300;2303;2300;2300;2300;2300;2303;2300;
2326;2326;2315;2326;2315;2315;2315;2315;2326;2315;
2315;2315;2315;2315;2315;2315;2326;2315;2315;2326;
2300;2300;2300;2300;2300;2300;2300;2300;2300;2300;
2315;2315;2315;2315;2315;2315;2315;2315;2315;2315;
2315;2315;2326;2315;2326;2326;2315;2326;2315;2315;
2300;2300;2300;2300;2300;2300;2303;2300;2300;2303;
2315;2315;2315;2315;2315;2315;2326;2315;2315;2326;
2300;2300;2300;2300;2300;2300;2300;2300;2300;2300;
2315;2315;2315;2315;2315;2315;2315;2315;2315;2315;
2315;2315;2326;2315;2326;2326;2315;2326;2315;2315;
2300;2300;2300;2300;2300;2300;2303;2300;2300;2303;
2315;2315;2315;2315;2315;2315;2326;2315;2315;2326;
2326;2326;2315;2326;2315;2315;2315;2315;2326;2315;
2300;2300;2303;2300;2303;2303;2300;2303;2300;2300;
2315;2315;2326;2315;2326;2326;2315;2326;2315;2315;
2300;2300;2300;2300;2300;2300;2303;2300;2300;2303;
2315;2315;2315;2315;2315;2315;2326;2315;2315;2326;
2326;2326;2315;2326;2315;2315;2315;2315;2326;2315;
2300;2300;2303;2300;2303;2303;2300;2303;2300;2300;
2315;2315;2326;2315;2326;2326;2315;2326;2315;2330;
2315;2315;2315;2315;2315;2315;2315;2315;2315;2341;
2303;2303;2300;2303;2300;2300;2300;2300;2303;2341;
2326;2326;2315;2326;2315;2315;2315;2315;2326;2327;
2300;2300;2303;2300;2303;2303;2300;2303;2300;2330;
2315;2315;2326;2315;2326;2326;2315;2326;2315;2341;
2315;2315;2315;2315;2315;2315;2315;2315;2315;2341;
2303;2303;2300;2303;2300;2300;2300;2300;2303;2327;
2326;2300;2300;2300;2300;2300;2300;2300;2300;2330;
2315;2315;2315;2315;2315;2315;2315;2315;2315;2341;
2300;2303;2300;2303;2300;2300;2300;2300;2303;2341;
2315;2326;2315;2326;2315;2315;2315;2315;2326;2327;
2303;2300;2303;2300;2303;2303;2300;2303;2300;2330;
2326;2315;2326;2315;2326;2326;2315;2326;2315;2341;
2315;2315;2315;2315;2315;2315;2315;2315;2315;2341;
2300;2303;2300;2303;2300;2300;2300;2300;2303;2327;
2315;2300;2300;2300;2315;2315;2300;2300;2326;2330;
2300;2286;2297;2286;2300;2300;2300;2297;2297;2338;
2303;2300;2300;2300;2303;2303;2303;2300;2300;2327;
2326;2315;2315;2315;2326;2326;2326;2315;2315;2330;
2315;2326;2315;2326;2315;2315;2315;2315;2315;2341;
2326;2315;2315;2315;2326;2326;2326;2315;2315;2341;
2315;2326;2315;2326;2315;2315;2315;2315;2315;2327;
2300;2300;2303;2300;2300;2300;2300;2303;2303;2330;
2315;2315;2326;2315;2315;2315;2315;2326;2326;2341;
2315;2315;2315;2315;2315;2315;2315;2315;2315;2341;
2300;2303;2300;2303;2300;2300;2300;2300;2300;2327;
2315;2326;2315;2326;2315;2315;2315;2315;2315;2330;
2300;2300;2303;2300;2300;2300;2300;2303;2303;2341;
2315;2315;2326;2315;2315;2315;2315;2326;2326;2341;
2315;2315;2315;2315;2315;2315;2315;2315;2315;2327;
2300;2303;2300;2303;2300;2300;2300;2300;2300;2330;
2315;2326;2315;2326;2315;2315;2315;2315;2315;2341;
2326;2315;2315;2315;2326;2326;2326;2315;2315;2341;
2300;2300;2300;2300;2300;2300;2300;2300;2300;2327;
2315;2315;2315;2315;2315;2315;2315;2315;2315;2330;
2300;2303;2300;2303;2300;2300;2300;2300;2300;2341;
2315;2326;2315;2326;2315;2315;2315;2315;2315;2341;
2326;2315;2315;2315;2326;2326;2326;2315;2315;2327;
2300;2300;2300;2300;2300;2300;2300;2300;2300;2330;
2315;2315;2315;2315;2315;2315;2315;2315;2315;2341;
2315;2315;2326;2315;2315;2315;2315;2326;2326;2341;
2303;2300;2300;2300;2303;2303;2303;2300;2300;2327;
2326;2315;2315;2315;2326;2326;2326;2315;2315;2330;
2300;2300;2300;2300;2300;2300;2300;2300;2300;2341;
2315;2315;2315;2315;2315;2315;2315;2315;2315;2341;
2300;2315;2326;2315;2315;2315;2315;2326;2326;2327;
2300;2300;2300;2300;2303;2303;2303;2300;2300;2330;
2315;2315;2315;2315;2326;2326;2326;2315;2315;2341;
2315;2326;2315;2326;2315;2315;2315;2315;2315;2341;
2303;2300;2303;2300;2300;2300;2300;2303;2303;2327;
2326;2315;2326;2315;2315;2315;2315;2326;2326;2330;
2300;2300;2300;2300;2303;2303;2303;2300;2300;2341;
2315;2315;2315;2315;2326;2326;2326;2315;2315;2341;
2315;2326;2315;2326;2315;2315;2315;2315;2315;2327;
2303;2300;2303;2300;2300;2300;2300;2303;2303;2330;
2326;2315;2326;2315;2315;2315;2315;2326;2326;2341;
2315;2315;2315;2315;2315;2315;2315;2315;2315;2341;
2300;2303;2300;2303;2300;2300;2300;2300;2300;2327;
2315;2326;2315;2326;2315;2315;2315;2315;2315;2330;
2303;2300;2303;2300;2300;2300;2300;2303;2303;2341;
2326;2315;2326;2315;2315;2315;2315;2326;2326;2341;
2315;2315;2315;2315;2315;2315;2315;2315;2315;2327;
2300;2303;2300;2303;2300;2300;2300;2300;2300;2330;
2315;2326;2315;2326;2315;2315;2315;2315;2315;2341;
2315;2315;2315;2315;2326;2326;2326;2315;2315;2341;
2300;2300;2300;2300;2300;2300;2300;2300;2300;2327;
2315;2315;2315;2315;2315;2315;2315;2315;2315;2330;
2300;2303;2300;2303;2300;2300;2300;2300;2300;2341;
2315;2326;2315;2326;2315;2315;2315;2315;2315;2341;
2315;2315;2315;2315;2326;2326;2326;2315;2315;2327;
2300;2300;2300;2300;2300;2300;2300;2300;2300;2330;
2315;2315;2315;2315;2315;2315;2315;2315;2315;2341;
2326;2315;2326;2315;2315;2315;2315;2326;2326;2341;
2300;2300;2300;2300;2303;2303;2303;2300;2300;2327;
2315;2315;2315;2315;2326;2326;2326;2315;2315;2330;
2300;2300;2300;2300;2300;2300;2300;2300;2300;2341;
2315;2315;2315;2315;2315;2315;2315;2315;2315;2341;
2326;2315;2326;2315;2315;2315;2315;2326;2326;2327;
2300;2300;2300;2300;2303;2303;2303;2300;2300;2330;
2315;2315;2315;2315;2326;2326;2326;2315;2315;2341;
2315;2326;2315;2326;2315;2315;2315;2315;2315;2341;
2303;2300;2303;2300;2300;2300;2300;2303;2303;2327;
2326;2315;2326;2315;2315;2315;2315;2326;2326;2330;
2300;2300;2300;2300;2303;2303;2303;2300;2300;2341;
2315;2315;2315;2315;2326;2326;2326;2315;2315;2341;
2315;2326;2315;2326;2315;2315;2315;2315;2315;2327;
2303;2300;2303;2300;2300;2300;2300;2303;2303;2330;
2326;2315;2326;2315;2315;2315;2315;2326;2326;2341;
2315;2315;2315;2315;2315;2315;2315;2315;2315;2341;
2300;2303;2300;2303;2300;2300;2300;2300;2300;2327;
2315;2326;2315;2326;2315;2315;2315;2315;2315;2330;
2303;2300;2303;2300;2300;2300;2300;2303;2303;2341;
2326;2315;2326;2315;2315;2315;2315;2326;2326;2341;
2315;2315;2315;2315;2315;2315;2315;2315;2315;2327;
2300;2303;2300;2303;2300;2300;2300;2300;2300;2330;
2315;2326;2315;2326;2315;2315;2315;2315;2315;2341;
2315;2315;2315;2315;2326;2326;2326;2315;2315;2341;
2300;2300;2300;2300;2300;2300;2300;2300;2300;2327;
2315;2315;2315;2315;2315;2315;2315;2315;2315;2330;
2300;2303;2300;2303;2300;2300;2300;2300;2300;2341;
2315;2326;2315;2326;2315;2315;2315;2315;2315;2341;
2315;2315;2315;2315;2326;2326;2326;2315;2315;2327;
2300;2300;2300;2300;2300;2300;2300;2300;2300;2330;
2315;2315;2315;2315;2315;2315;2315;2315;2315;2341;
2326;2315;2326;2315;2315;2315;2315;2326;2326;2341;
2300;2300;2300;2300;2303;2303;2303;2300;2300;2327;
2315;2315;2315;2315;2326;2326;2326;2315;2315;2330;
2300;2300;2300;2300;2300;2300;2300;2300;2300;2341;
2315;2315;2315;2315;2315;2315;2315;2315;2315;2341;
2300;2315;2326;2315;2315;2315;2315;2326;2326;2327;
2300;2300;2300;2300;2303;2303;2303;2300;2300;2330;
2315;2315;2315;2315;2326;2326;2326;2315;2315;2341;
2326;2326;2315;2326;2315;2315;2315;2315;2315;2341;
2300;2300;2303;2300;2300;2300;2300;2303;2303;2327;
2315;2315;2326;2315;2315;2315;2315;2326;2326;2330;
2300;2300;2300;2300;2303;2303;2303;2300;2300;2341;
2315;2315;2315;2315;2326;2326;2326;2315;2315;2341;
2300;2300;2300;2300;2300;2300;2300;2300;2300;2327;
2300;2300;2300;2300;2303;2303;2303;2300;2300;2330;
2315;2315;2303;2315;2326;2326;2300;2315;2315;2341;
2326;2326;2326;2326;2315;2315;2315;2315;2315;2341;
2300;2300;2300;2300;2300;2300;2303;2303;2303;2327;
2315;2315;2315;2315;2315;2315;2326;2326;2326;2330;
2300;2300;2300;2300;2303;2303;2300;2300;2300;2341;
2315;2315;2315;2315;2326;2326;2315;2315;2315;2341;
2326;2326;2326;2326;2315;2315;2315;2315;2315;2327;
2300;2300;2300;2300;2300;2300;2303;2303;2303;2330;
2315;2315;2315;2315;2315;2315;2326;2326;2326;2341;
2315;2315;2315;2315;2315;2315;2315;2315;2315;2341;
2303;2303;2303;2303;2300;2300;2300;2300;2300;2327;
2326;2326;2326;2326;2315;2315;2315;2315;2315;2330;
2300;2300;2300;2300;2300;2300;2303;2303;2303;2341;
2315;2315;2315;2315;2315;2315;2326;2326;2326;2341;
2315;2315;2315;2315;2315;2315;2315;2315;2315;2327;
2303;2303;2303;2303;2300;2300;2300;2300;2300;2330;
